,tweetID,tweet_text,tweet_class
2000,2.64E+17,hurricane sandy. I am bringing clothes. We are giving blood. How can I volunteer.,request
2354,2.66E+17,sandy hurricane,request
2413,2.65E+17,good job abc ! _MENTIOM_ : donated # dayofgiving help suffer hurricane sandy ? go : _URL_ I will volunteer for work.,request
982,2.65E+17,_RT_ : help hand crush : velah donate proceeds digital sale hurricane relief : everyo ... _URL_. You want to help.,not_excl
231,2.65E+17,_RT_ : benefit concert long island hurricane sandy victim ... _URL_ # long # island # hurricane # sandy. How can we assist.,not_excl
1602,2.64E+17,american red cross donation accept itunes hurricane sandy relief : h ... _URL_ # tech # news,request
2735,2.64E+17,help u help victim hurricane sandy ! _URL_ via _MENTIOM_,request
1797,2.65E+17,_NUM_x_NUM_ original paint $ _NUM_ hurricane relief fund _URL_,request
874,2.66E+17,_RT_ : . _MENTIOM_ donates $ _NUM_ mill hurricane # sandy relief ! full story : _URL_,not_excl
1734,2.66E+17,"every demo navrisk _MENTIOM_ # nwcdconf , donation make hurricane # sandy relief . reply schedule .",request
2085,2.65E+17,please go itunes & make donation red cross aid hurricane relief text _NUM_ give $ _NUM_ # sandyhelp,request
1161,2.64E+17,starkist commit $ _NUM_ product hurricane relief effort _URL_,not_excl
2095,2.65E+17,"_MENTIOM_ : be n't watch , turn nbc twc & watch `` hurricane sandy : come together `` pls text redcross _NUM_ & help",request
130,2.64E+17,"houston height , here 's help # hurricane # sandy survivor _URL_",not_excl
2247,2.65E+17,download _MENTIOM_ music # itunes today ! ! _URL_ donate _NUM_ % hurricane victim - via - _MENTIOM_,request
2433,2.65E+17,_RT_ : red cross hurricane sandy relief fund please donate . # hurricanesandy _URL_,request
938,2.63E+17,"hurricane # sandy , faith-based organization mobilize help victim _URL_",not_excl
148,2.64E+17,"napa , here 's help # hurricane # sandy survivor _URL_",not_excl
775,2.64E+17,new blogpost : hurricane sandy relief _URL_,not_excl
2097,2.65E+17,itunes make easy : donate help hurricane victim ! # sandyhelp,request
1513,2.64E+17,_RT_ : we 're raffle jim beam guitar tomorrow night red cross hurricane relief fund ... value ... http : ...,request
85,2.65E+17,_RT_ : _RT_ : _MENTIOM_ : here 's volunteer offline & online help affect hurricane # sandy : ...,request
2402,2.65E+17,_RT_ : please come watch livestream _MENTIOM_ help raise money hurricane sandy victim ! _URL_ ...,request
1491,2.65E+17,tonight offer _NUM_ $ top shelf open bar _NUM_-_NUM_ _NUM_ $ go hurricane sandy relief effort ! # hurricansandy # reliefeffort # rvc # mcfaddens,request
2062,2.64E+17,"need help distress hurricane sandy via red cross salvation army donation , course prayer .",request
344,2.64E+17,_MENTIOM_ do n't think donald trump donate $ _NUM_m red cross hurricane relief ! ! !,not_excl
2454,2.65E+17,-- - > ... hurricane sandy relief ... -- - > please -- - > call _NUM_-_NUM_- help-now text redcross _NUM_ thank ! ! ! & god bless ...,request
1662,2.66E+17,call american red cross donate hurricane sandy relief make talk .,request
1456,2.66E+17,adam levine urge el lay donate hurricane sandy relief ! : nice way take advantage fame ! ... _URL_,request
2012,2.64E+17,here 's info help victim hurricane sandy ... _URL_,request
147,2.64E+17,"gwinnett county , here 's help # hurricane # sandy survivor _URL_",not_excl
2547,2.65E+17,_RT_ : help support hurricane sandy relief effort friends ~ _NUM_ % profit donate _URL_,request
1278,2.64E+17,# lakers announce today donate $ _NUM_ american red cross assist victim hurricane sandy ! # bigbrother,not_excl
2727,2.65E+17,_RT_ : please tune watch hurricane sandy relief benefit concert tonight _MENTIOM_ _NUM_p et . help raise money _MENTIOM_ ! # sand ...,request
2212,2.65E+17,_MENTIOM_ : help victim hurricane sandy blink - _NUM_ t-shirt _URL_ dude,request
2398,2.65E+17,_RT_ : help blogger _MENTIOM_ lose everything hurricane ... _URL_,request
361,2.65E+17,occupy wall street outperform red cross hurricane relief ? _URL_,not_excl
1894,2.64E+17,we 'll raise money _MENTIOM_ ( hurricane sandy ) wsoc champ weekend - great job be 's jen condaras make happen,request
2597,2.65E+17,please text _NUM_ make $ _NUM_ donation red cross help hurricane victim ny nj surround area . thank !,request
2188,2.65E+17,mazon incredible charity please check support effort victim hurricane sandy _URL_,request
1610,2.65E+17,"_MENTIOM_ we 're host sandy hurricane relief _MENTIOM_ _NUM_/_NUM_ w / wine , food , raffle & _NUM_ % red cross _URL_",request
2356,2.66E+17,_RT_ : join u donate _MENTIOM_ help hurricane victim ! : ) # helpothers _URL_,request
2760,2.66E+17,_RT_ : west elm store collect clean blanket throw donate victim hurricane sandy . give warmth .,request
1572,2.65E+17,_RT_ : shop swarovski jewelry ; proceeds go americares disaster relief help affect hurricane sandy _URL_ ...,request
1335,2.64E+17,_RT_ : ford pitch help hurricane sandy relief donate american red cross ... http : / ...,not_excl
1560,2.64E+17,_RT_ : join _MENTIOM_ support hurricane sandy relief effort give american red cross _URL_,request
276,2.65E+17,anyone connection hurricane sandy relief effort nyc know / sign ? have n't hear back redcross nyccares,not_excl
365,2.63E+17,_MENTIOM_ take _NUM_ million donate red cross affect hurricane sandy,not_excl
927,2.64E+17,chelsea handlr drop $ _NUM_r_NUM_r _NUM_ hurricane sandy relief # celebrity # chelseahandler # deniserichards # hurricanesandy _URL_,not_excl
652,2.64E+17,effort obama romney help hurricane victim basis undecided vote . # obamamama # obamabiden_NUM_,not_excl
1097,2.64E+17,time something good money .. `` _MENTIOM_ : _MENTIOM_ donate $ _NUM_ aid hurricane sandy relief effort . ``,not_excl
601,2.64E+17,"_MENTIOM_ know jet disaster , please help hurricane victim anyway # helpstatenisland",not_excl
52,2.64E+17,do n't bore wkend w / subway . here 's _NUM_ way help hurricane victim yr community : _URL_ _MENTIOM_,request
941,2.65E+17,"`` _MENTIOM_ : donate hurricane sandy relief , $ _NUM_ go long way . # nbacares # clipper `` see",not_excl
2048,2.64E+17,_RT_ : spare $ _NUM_ ? text redcross _NUM_ give american disaster relief help affect hurricane sandy . # r ...,request
1496,2.64E+17,look safe way donate hurricane sandy victim ? _URL_ _URL_,request
2693,2.65E+17,_MENTIOM_ : text redcross _NUM_ make $ _NUM_ donation affect hurricane sandy . # sandyhelp do n't jersey shore cast help !,request
2031,2.64E+17,hurricane sandy relief . text redcross _NUM_ donate $ _NUM_ disaster relief effort . also give blood . please rt .,request
1775,2.64E+17,_RT_ : apple make easier concerned citizen help victim hurricane sandy via link itunes . _URL_,request
1829,2.64E+17,shop cause : coveteur shoppable today 's proceeds go hurricane sandy victim : _URL_ ( cc _MENTIOM_ ),request
1757,2.64E+17,trivia night benefit hurricane sandy relief effort _URL_ # commack,request
957,2.64E+17,_RT_ : excellent profile former sergeant marvin avilez - veteran jump help hurricane sandy victim : _URL_ ...,not_excl
1458,2.65E+17,app week : hurricane american red cross : verizon pledge match customer 's red cross donation ... _URL_,request
1044,2.66E+17,airbnb partner _URL_ provide free housing hurricane sandy victim _URL_ - _MENTIOM_,not_excl
1016,2.65E+17,roger pamela foulks post new press release title gift hurricane sandy victim . _MENTIOM_ : //t.co/cbmsbjc_NUM_ # ibotoolbox,not_excl
1314,2.66E+17,$ _NUM_ million raise hurricane sandy relief concert - _URL_ _URL_,not_excl
2557,2.63E+17,help | hurricane sandy : able assist hurricane cleanup ? volunteer nursi ... _URL_ # bronx,request
615,2.66E+17,# art # kunst # art hurricane sandy relief t-shirt - still love ny sebastian errazuriz : influenced wat ... _URL_,not_excl
2205,2.65E+17,help victim hurricane sandy ! fri nov _NUM_ backyard alehouse ! $ _NUM_ drink miller _NUM_-_NUM_ ! scranton rt pls ! _URL_,request
1142,2.64E+17,_MENTIOM_ : toyota donate $ _NUM_ million hurricane sandy relief effort _URL_ _MENTIOM_ # latism # latism_NUM_,not_excl
688,2.65E+17,governor do great job nyc hurricane sandy relief effort .,not_excl
1393,2.63E+17,sign donate blood help victim hurricane # sandy : _URL_,request
820,2.66E+17,_RT_ : nj / ny / ct : please text _NUM_ find polling place change due hurricane sandy . # vote,not_excl
2089,2.65E+17,text redcross _NUM_ make $ _NUM_ donation help devastate hurricane d : life turn dream : ( # sandyhelp,request
506,2.66E+17,# ted help hurricane sandy relief _URL_,not_excl
2474,2.64E+17,_RT_ : please help . donate red cross - hurricane sandy relief _URL_,request
2778,2.63E+17,_RT_ : thought affect hurricane # sandy . interested help visit _URL_ ...,request
1049,2.64E+17,donate red cross victim hurricane sandy via u cellular # salute,not_excl
2624,2.66E+17,we 're take donation wednesday _MENTIOM_ hurricane sandy relief nj coast _URL_,request
818,2.64E+17,_RT_ : photo videos _MENTIOM_ # hurricane # sandy relief effort : _URL_ please rt,not_excl
428,2.63E+17,_RT_ : you 're need hurricane relief _MENTIOM_ shelter locator app . download fema app text word `` shelter ...,not_excl
393,2.65E+17,hurricane sandy relief | premadepaleo _URL_,not_excl
721,2.66E+17,nothing els matter today except vote obama + hurricane relief effort . god bless america . # vote today .,not_excl
2439,2.63E+17,". _MENTIOM_ : aid recovery hurricane # sandy , text red cross _NUM_ make $ _NUM_ donation visit ... _URL_",request
1132,2.64E+17,clear mind medical give donation american red cross hurricane sandy relief effort . _URL_,not_excl
1975,2.64E+17,itunes store - itunes accept relief donation hurricane sandy victim _URL_,request
2713,2.65E+17,"hurricane sandy come together benefit end . donate : _NUM_helpnow , text redcross _NUM_ give $ _NUM_ donation _URL_",request
961,2.64E+17,"_RT_ : _RT_ : low 's donate $ _NUM_ million hurricane relief effort , match _MENTIOM_ earnings tm ( ...",not_excl
1094,2.64E+17,i 'm proud mouse ( ) - mt _MENTIOM_ disney announces $ _NUM_ million hurricane sandy relief / rebuild _URL_,not_excl
823,2.64E+17,"tip remain safe hurricane sandy , visit _URL_",not_excl
1996,2.64E+17,help affect hurricane sandy online ! _URL_ # sandy,request
795,2.66E+17,attn tristate ! please text _NUM_ find polling place change due hurricane sandy . # vote,not_excl
2208,2.65E+17,put fundraise _NUM_ diabetic kid hold hurricane sandy crisis control . $ _NUM_ help _URL_ rt,request
1180,2.64E+17,via generalelectric : we 're proud ge team machine power hurricane # sandy relief effort : ... _URL_,not_excl
644,2.63E+17,"also guy want help hurricane relief , donate salvation army . they 're know homophobic practice .",not_excl
2093,2.65E+17,please tune one many station carry hurricane sandy relief concert donate # sandyaid,request
884,2.65E+17,_RT_ : amazing _MENTIOM_ donate _NUM_/_NUM_ million hurricane sandy !,not_excl
1477,2.66E+17,hurricane sandy photography fundraiser nov . _NUM_/_NUM_ th mark brown photography donate session fee red cross . call _NUM_-_NUM_-_NUM_ .,request
101,2.66E+17,"look way help family affect hurricane , friends baby buggy ... _URL_",request
701,2.65E+17,_MENTIOM_ - occupy wall street outperform red cross hurricane relief ? # sandy _MENTIOM_ _MENTIOM_ _URL_,not_excl
859,2.65E+17,giant donate _NUM_ million hurricane sandy woop wooppp,not_excl
1646,2.65E+17,_RT_ : house yes bushwick ( _NUM_ maujer street ) collect donation hurricane relief . _URL_,request
2386,2.64E+17,_RT_ : mi gent ... please make donation latism hurricane sandy relief fund wepay ! _URL_ via _MENTIOM_ # la ...,request
2510,2.64E+17,"_RT_ : donate $ _NUM_ red cross hurricane disaster relief effort , send confirmation via email ( ... http : / ...",request
933,2.66E+17,_RT_ : nbc 's hurricane # sandy telethon friday raise $ _NUM_ million red cross relief effort : _URL_,not_excl
519,2.66E+17,"_RT_ : quick , easy guide help hurricane sandy relief effort matter : _URL_ ...",not_excl
1925,2.63E+17,donate hurricane sandy victim simple text message - tessa miller theres doubt youve ... _URL_,request
439,2.64E+17,( wash post tv blog ) nbc universal network air telethon hurricane sandy relief effort : nbc announce thu ... _URL_,not_excl
215,2.64E+17,well fargo say waive certain fee hurricane sandy victim _URL_,not_excl
1943,2.64E+17,_RT_ : hey everyone find local red cross give blood that 's easy way help hurricane sandy victim . c ...,request
1050,2.64E+17,"_RT_ : help researcher affect hurricane sandy , science exchange waiving fee _NUM_ . read ...",not_excl
470,2.64E+17,"let church arise help homeless , helpless , & hurt hurricane ! light !",not_excl
542,2.63E+17,_RT_ : romney campaign bus use hurricane relief effort man need office _MENTIOM_ _MENTIOM_ ...,not_excl
828,2.64E+17,atta boy . _MENTIOM_ : _MENTIOM_ _MENTIOM_ fdny nyc hurricane sandy relief . _URL_,not_excl
1361,2.64E+17,"viacom , disney contribute $ _NUM_ million hurricane sandy relief : viacom inc . walt disney co . donate ... _URL_",not_excl
1209,2.65E+17,walt disney co . donate $ _NUM_ million hurricane # sandy relief . _URL_ < nice .,not_excl
468,2.65E+17,"# hurricanesandy `` christina aguilera , mary j . blige , bruce springsteen , & play hurricane sandy relief _URL_ ``",not_excl
2563,2.65E+17,_RT_ : donated # dayofgiving help suffer hurricane sandy ? go : _URL_,request
1324,2.66E+17,donate _MENTIOM_ help animal affect hurricane # sandy : _URL_ # sandypets,not_excl
1948,2.64E+17,$ _NUM_ drop-off # papershredding _NUM_/_NUM_ . every box paper dispose safely help victim hurricane # sandy . _URL_,request
386,2.65E+17,work _MENTIOM_ help family afflict hurricane # sandy . detail come soon .,not_excl
2036,2.64E+17,encourage help hurricane # sandy relief effort # westhollywood . info donate : _URL_ # weho,request
899,2.65E+17,"_RT_ _MENTIOM_ : sunday , _NUM_ % sale madison avenue flagship donate _MENTIOM_ hurricane # sandy relief effort .",not_excl
674,2.64E+17,maybe money spend political ad could use help victim hurricane sandy ... # justathought,not_excl
2206,2.65E+17,raise money hurricane sandy relief . help decide _NUM_x_NUM_ _NUM_x_NUM_ print . _URL_ _URL_,request
1164,2.64E+17,"that 's ? _MENTIOM_ : care , people . nba nbpa donate $ _NUM_ million hurricane # sandy relief : _URL_",not_excl
2466,2.65E+17,_MENTIOM_ text redcross _NUM_ donate _NUM_ $ hurricane sandy relief _NUM_-_NUM_- help-now # sandyhelp,request
447,2.63E+17,update come help hurricane victims.assessing csi best help.we be n't big non-profit part !,not_excl
866,2.65E+17,"simondotweb verizon pledge $ _NUM_ million aid hurricane sandy victim | talkandro _URL_ , see _URL_",not_excl
379,2.63E+17,wish something could help affect hurricane,not_excl
2561,2.65E+17,_RT_ : would like donate _RT_ : hurricane sandy : help _MENTIOM_ / _URL_,request
1405,2.64E+17,please rt ! - operation mobwives save life accept donation _NUM_ hurricane sandy victim _URL_ _MENTIOM_ _MENTIOM_,request
2336,2.66E+17,please donate monetary amount _MENTIOM_ hurricane victim . text redcross _NUM_ . please help !,request
1980,2.64E+17,"please , join u js basketball . donate $ _NUM_ redcross text _NUM_ hurricane sandy victim",request
2052,2.64E+17,"_RT_ : hurricane sandy hit new jersey : _URL_ via _MENTIOM_ donate , text word redcross _NUM_ , $ _NUM_ add ...",request
1269,2.66E+17,sent hurricane sandy relief item _MENTIOM_ use _URL_ _NUM_taa_NUM_pjr_NUM_,not_excl
2337,2.66E+17,"bring can good , diaper , work glove . water , blanket stelliana 's help affect hurricane sandy . thanks help",request
1465,2.65E+17,_MENTIOM_ please help spread challenge & rt - request / challenge mitt romney help hurricane sandy _URL_,request
706,2.65E+17,"hurricane sandy hit , go florida keep campaigning , stop campaign help victim ? # forward # obama_NUM_",not_excl
631,2.63E+17,thought go affected hurricane sandy emergency relief crew work help affect .,not_excl
2644,2.65E+17,need volunteer hurricane sandy relief ! help u help other ! anyone sign fulton street lobby ... _URL_,request
958,2.64E+17,"_RT_ : d-wade say game postpone , donate hurricane victim ; francesa go marathon _URL_",not_excl
1838,2.65E+17,# kid # book series sale wk send _NUM_ % # redcross hurricane # sandy relief . # kidlit # parent - _URL_,request
1525,2.65E+17,"_MENTIOM_ , glad u & ur fam okay , bro . u think abt dedicate episode hurricane sandy relief ?",request
2015,2.64E+17,please take moment read aaj president _MENTIOM_ note help affect hurricane sandy _URL_,request
2542,2.65E+17,please donate hurricane relief . choose donate ... _URL_,request
2581,2.65E+17,"hey everyone , let 's make difference help affect hurricane ! ! ! text redcross _NUM_ make $ _NUM_ donation # sandyhelp",request
1430,2.65E+17,"come franklin firehouse _NUM_ clothing , food household need help victim hurricane sandy ! ! !",request
2087,2.65E+17,_RT_ : please donate much hurricane sandy relief ! text _NUM_ make $ _NUM_ donation red cross call ...,request
592,2.65E+17,' occupy wall street outperform red cross hurricane relief ? ' _URL_ # sandyvolunteer,not_excl
2646,2.65E+17,"donate red cross , . text redcross _NUM_ . # sandy # hurricane",request
2266,2.65E+17,cecilia celeste `` _NUM_ day `` - please donate hurricane relief ! ! _URL_,request
174,2.63E+17,connect hurricane sandy relief # facebook . # redcross _URL_,not_excl
2186,2.65E+17,donate red cross . please help hurricane survivor # sandy,request
108,2.64E+17,"nassau county , here 's help # hurricane # sandy survivor _URL_",not_excl
1628,2.65E+17,_MENTIOM_ : earnings tonight new york knicks game donate hurricane sandy victim ! ! ! # charitygame say ! !,request
2007,2.64E+17,join u tonight help raise money victim hurricane sandy . see information ! _URL_,request
61,2.64E+17,_RT_ : i 'll watch hurricane sandy relief benefit concert tonight _MENTIOM_ _NUM_p et . help raise money _MENTIOM_ ! # sand ...,request
629,2.63E+17,president obama visit disaster operation center red cross - pic _URL_ # sandy # hurricane _MENTIOM_ # p_NUM_b # p_NUM_,not_excl
1012,2.64E+17,"help # hurricane victim get hot meal - donation tax ded ! bbq pitmasters disaster relief _URL_ _MENTIOM_ , rt",not_excl
2021,2.64E+17,"folk look help post-hurricane recover , visit _URL_ ... _URL_",request
645,2.64E+17,superstorm sandy ripple hurricane may hit lagos within _NUM_ _NUM_ day commissioner : united state ... _URL_,not_excl
2411,2.64E+17,"hurricane # sandy benefit concert air _NUM_p et donate , visit _URL_ ; text redcross _NUM_ make $ _NUM_ donation . # sandyhelp .",request
192,2.64E+17,probably use _MENTIOM_ day sunday help victim hurricane # sandy . might well make situation .,not_excl
2441,2.63E+17,txt redcross _NUM_ ( $ _NUM_ donation ) help hurricane sandy victim _MENTIOM_ please rt spread word awesome animal !,request
1776,2.64E+17,help hurricane sandy victim : _NUM_ . contact local red cross office ask help ... _URL_,request
2753,2.66E+17,"ct care hold collection drive victim hurricane sandy friday , nov _NUM_ _NUM_ _NUM_ pm . cash check donation .",request
2281,2.65E+17,please donate red cross help victim hurricane sandy . many without home power . _URL_,request
1768,2.66E+17,"# comic fan , help victim hurricane sandy purchasing awesome artwork ! follow _MENTIOM_ twitter . _URL_",request
655,2.64E+17,happy see ann back ! ! report si _MENTIOM_ _MENTIOM_ : use _MENTIOM_ help hurricane victim . # rockcenter,not_excl
376,2.64E+17,_MENTIOM_ get _MENTIOM_ raise money hurricane sandy victim ? # asktheheel,not_excl
273,2.64E+17,want help _MENTIOM_ hurricane relief fun ? like page we 'll write check ! # hope # batteryparkcity _URL_,not_excl
370,2.64E+17,"heard cousin get redeploy platoon help victim hurricane sandy , proud . # nationalguard # hurricanesandy",not_excl
1287,2.64E+17,week-tv : ameren illinois worker help hurricane sandy relief effort ( photo gallery ) _URL_ # blononews,not_excl
2716,2.65E+17,_RT_ : text redcross _NUM_ make simple $ _NUM_ donation help victim hurricane sandy # sandyhelp ( please rt ),request
648,2.64E+17,please read . mitt romney want help hurricane victim ... _URL_ via _MENTIOM_,not_excl
2225,2.65E+17,"`` _MENTIOM_ : _MENTIOM_ jus take phone , pretend put number text _NUM_ . bam . donate $ _NUM_ hurricane relief : ) `` genius",request
1266,2.65E+17,_MENTIOM_ : viking wilf family pledge $ _NUM_ support hurricane sandy storm recovery effort . yay vikes !,not_excl
1174,2.64E+17,packer daily link : woodson pledge $ _NUM_ hurricane relief : packer defensive back charles woodson speak ... _URL_,not_excl
341,2.63E+17,would like pray wish everyone 's safety effect crazy hurricane sandy . well ... _URL_,not_excl
219,2.66E+17,_URL_ small business administration stand ready help hurricane sandy : affected hur ... gary rothfeld,not_excl
962,2.64E+17,_RT_ : dami datung ! _RT_ : # solarheadlines usec valte : ph donate $ _NUM_ hurricane sandy victim amer ...,not_excl
2572,2.66E+17,want help hurricane sandy victim ? check city harvest website make donation volunteer : _URL_,request
1163,2.64E+17,_NUM_ many reason make _MENTIOM_ freak awesome dude . sell two _NUM_wk program together $ _NUM_ help hurricane victim,not_excl
1297,2.65E+17,_NUM_st crw support azang hurricane sandy relief effort _URL_,not_excl
1663,2.65E+17,local collection drive hurricane sandy relief : want help victim hurricane sandy new york ... _URL_,request
1152,2.64E+17,proud announce submit donation _MENTIOM_ assist hurricane sandy relief effort . thank # wnwnation !,not_excl
2346,2.66E+17,donate via smartphone _NUM_ hurricane sandy relief # helpsandy click _URL_ pls give generously !,request
990,2.65E+17,# hurricane # sandy relief supply amazon registry # brooklyn . please share network ! _URL_,not_excl
1284,2.64E+17,"_RT_ : nfl , union donate $ _NUM_m hurricane sandy relief effort _URL_",not_excl
2245,2.65E+17,"visit _URL_ , call _NUM_-_NUM_- red-cross text redcross _NUM_ make $ _NUM_ donation hurricane sandy relief effo_RT_",request
1276,2.64E+17,_MENTIOM_ : chelsea handler donate $ _NUM_ red cross hurricane # sandy relief _URL_ go _MENTIOM_,not_excl
2533,2.65E+17,_MENTIOM_ go red cross website donate directly hurricane sandy relief fund .,request
2550,2.64E+17,text redcross _NUM_ give $ _NUM_ donation hurricane sandy relief effort . _URL_,request
2149,2.65E+17,txt redcross _NUM_ make _NUM_ donation victim hurricane sandy ! # sandyhelp,request
343,2.63E+17,"# gpv : hurricane sandy : quote : sheriff bart october _NUM_ , _NUM_ , _NUM_:_NUM_ : _NUM_ pmnot sure whether laugh ... _URL_",not_excl
602,2.64E+17,"new yorkers take social medium find , provide help hurricane sandy | raw story _URL_ _MENTIOM_",not_excl
745,2.63E+17,lord watch people damage hurricane sandy ! ...,not_excl
2636,2.65E+17,_RT_ : _MENTIOM_ donate $ _NUM_ american red cross hurricane sandy victim text redcross _NUM_ . plz rt,request
620,2.63E+17,like red cross hurricane app _URL_,not_excl
2548,2.65E+17,_RT_ : _URL_ - please check site donate individual affect hurricane sandy . thank ...,request
792,2.64E+17,wednesday 's daily brief : hurricane sandy relief effort begin _URL_,not_excl
913,2.64E+17,"_RT_ : christina aguilera , jon bon jovi , billy joel perform nbc benefit concert hurricane sandy victim : _URL_ ...",not_excl
1291,2.64E+17,_RT_ : new york yankee donate $ _NUM_ hurricane # sandy relief effort tri-state area .,not_excl
2513,2.65E+17,# sandyhelp . it 's easy . donate $ _NUM_ help affect hurricane sandy text redcross _NUM_ _URL_,request
2577,2.64E+17,_RT_ : well fargo accept atm donation hurricane victim _URL_,request
1742,2.65E+17,beauty _NUM_ weekend digest : give back help hurricane sandy victim _URL_ # beauty # blog,request
115,2.64E+17,"indianapolis , here 's help # hurricane # sandy survivor _URL_",not_excl
1347,2.66E+17,_RT_ : nbc 's hurricane sandy benefit raise lot money red cross _URL_,not_excl
1895,2.66E+17,_MENTIOM_ pls rt : ny & nj still need help ! buy hurricane sandy relief shirt . _NUM_ % profit _NUM_ affect sandy _URL_,request
715,2.66E+17,historic hotel bethlehem would like toast affected hurricane sandy wish quick ... _URL_,not_excl
1670,2.66E+17,_RT_ : # gh join effort help victim hurricane sandy abcs # dayofgiving today . see u help : h ...,request
1226,2.65E+17,thank arm force come help hurricane sandy relief ! sure appreciate help : ) # _URL_,not_excl
280,2.65E+17,way staten island help hurricane # sandy relief effort .,not_excl
516,2.64E+17,happen car damage hurricane sandy ? : believe deal almost everythi ... _URL_,not_excl
2804,2.63E+17,"addition red cross , resource available help affect hurricane sandy ... _URL_",request
497,2.63E+17,hurricane sandy arrive toronto : & $ _NUM_ _NUM_ _NUM_ _NUM_ _NUM_ _NUM_ & $ & $ _URL_,not_excl
2660,2.66E+17,_RT_ : please consider help victim hurricane sandy - text abc _NUM_ donate $ _NUM_ visit _URL_ ...,request
1448,2.65E+17,_RT_ : sat thing one 's cell phone ' accidentally ' text redcross _NUM_ donate _NUM_ buck hurricane sandy ...,request
80,2.65E+17,hurricane sandy cancel _NUM_ blood drive : help live update _MENTIOM_ _URL_,request
230,2.64E+17,bruce # springsteen jon # bonjovi perform benefit concert victim hurricane # sandy friday _URL_,not_excl
2755,2.63E+17,place accept donation & volunteer hurricane sandy relief . _URL_ _RT_,request
2218,2.65E+17,"# gh , _MENTIOM_ participate monday day give hurricane sandy relief & rebuild effort ! : _URL_ cc : _MENTIOM_",request
2201,2.65E+17,"time today , want help hurricane relief effort , pls make donation location _URL_",request
62,2.64E+17,_RT_ : hurricane sandy relief benefit concert tonight _MENTIOM_ _NUM_p et . help raise money _MENTIOM_ ! # sandyhelp,request
2499,2.65E+17,_RT_ : much love east coast ! text redcross _NUM_ donate affect hurricane sandy ! even sma ...,request
907,2.64E+17,_RT_ : region rally help hurricane sandy victim _URL_,not_excl
787,2.63E+17,disney acquisition lucasfilm strange hurricane fever dream ? new film every _NUM_ _NUM_ year ? ? i 'm terrified little excited .,not_excl
1533,2.64E+17,"_RT_ : everyone affect hurricane sandy , thought ! help people need , donate _URL_",request
247,2.64E+17,lad donate $ _NUM_ red cross hurricane # sandy relief effort every `` like `` facebook post receives _NUM_ : _NUM_ pm friday night,not_excl
1169,2.64E+17,nice > > > abbott abbott fund donate $ _NUM_ million funding product support hurricane sandy relief effort # goodcompany,not_excl
2673,2.64E+17,american red cross disaster relief fund time need . help victim hurricane sandy : _URL_,request
2220,2.65E+17,"new _MENTIOM_ : yahoos homepage isnt raise enough money hurricane sandy relief , let step _URL_",request
1989,2.64E+17,hurricane sandy : help need make monetary donation american red cross ... _URL_,request
904,2.65E+17,adam levine lend help poster hurricane sandy relief _URL_,not_excl
46,2.64E+17,hurricane # sandy cancel _NUM_ blood drive : help _URL_,request
269,2.64E+17,get together clothe food donate hurricane victim long island . every little bit help !,not_excl
1404,2.64E+17,help victim hurricane sandy : american red cross great new york region provide follow ... _URL_,request
932,2.64E+17,shower trailer combo unit send sandy relief effort _URL_ # hurricane,not_excl
441,2.64E+17,day _NUM_ : hurricane sandy relief effort caaav ! _URL_,not_excl
1905,2.63E+17,text redcross _NUM_ donate $ _NUM_ _MENTIOM_ relief effort ! # sandy # nyc # hurricane,request
2688,2.64E+17,want help victim hurricane sandy ? make donation red cross . # hurricanesandy detail : _URL_,request
1931,2.63E+17,affect . hurricane sandy . do n't send donation red cross . send shit .,request
1566,2.64E+17,way help victim hurricane sandy _URL_ # suppo_RT_ # hurricanesandy rt,request
2342,2.66E+17,"donation need help hurricane sandy relief effort , click east end effort _URL_",request
984,2.64E+17,"nfl , player 's union donate $ _NUM_m american red cross hurricane sandy relief ...",not_excl
487,2.65E+17,_URL_ _NUM_ % team rubicon hurricane sandy relief # teamrubicon,not_excl
1767,2.65E+17,want donate victim # hurricane # sandy ? _MENTIOM_ match every penny donate : _URL_ .,request
1659,2.65E+17,help light hurricane sandy _RT_ want help nyc ? start : _URL_ # sandy,request
2666,2.64E+17,_RT_ : donate # redcross help victim hurricane sandy + get urself lil somethin z process _MENTIOM_ charitable _NUM_ % ...,request
2595,2.64E+17,united way hurricane sandy relief fund ; everything help - _URL_,request
2121,2.65E+17,"_RT_ : want help hurricane victim , severn valley bapt . ch . show , sunday , participate ...",request
128,2.64E+17,"pensacola , here 's help # hurricane # sandy survivor _URL_",not_excl
2704,2.65E+17,_MENTIOM_ rt please # sandyhelp text _NUM_ red cross help affect hurricane sandy ... thanks !,request
1018,2.65E+17,general mill : general mill commit $ _NUM_ aid relief effort follow hurricane sandy _URL_,not_excl
759,2.63E+17,bollywood prays hurricane sandy victim _URL_,not_excl
1766,2.66E+17,_RT_ : _MENTIOM_ ty support fund raiser hurricane sandy victim _URL_,request
953,2.65E+17,_RT_ : downtown unity donate sunday 's offering red cross hurricane sandy relief ... _URL_ # action # prayer,not_excl
829,2.62E+17,red cross hurricane safety checklist . _URL_,not_excl
853,2.64E+17,# barack # obama : & quot ; p resident obama tour area damage hurricane sandy & quot ; - _URL_,not_excl
131,2.64E+17,"mercer island , here 's help # hurricane # sandy survivor _URL_",not_excl
1109,2.66E+17,"patch & aol send hurricane sandy relief truck long island , nj _MENTIOM_ _URL_",not_excl
1577,2.64E+17,_RT_ : _MENTIOM_ please rt _URL_ . help affect hurricane take moment .,request
2319,2.66E+17,_RT_ : help delicious karma support relief effort hurricane sandy _URL_,request
1519,2.65E+17,watch _MENTIOM_ `` hurricane sandy : come together `` benefit # sandy victim tweet _MENTIOM_ storm relief effort . _URL_,request
811,2.64E+17,t-mobile & open network restore service hurricane sandy victim _URL_ # teamblackberry,not_excl
382,2.64E+17,"barrington , here 's help # hurricane # sandy survivor _URL_",not_excl
1830,2.66E+17,hudson overflow ( charity single hurricane sandy relief ) _URL_,request
77,2.65E+17,"gift card still available _NUM_ % . would like donate jacket clothing hurricane victim , ... _URL_",request
308,2.63E+17,obama romney stop campaign spending donate rest campaign fund help hurricane victim .,not_excl
1489,2.65E+17,help help da victim hurricane sandy . significant portion commission i 'm donate _NUM_ red cross ! _URL_ rt,request
268,2.64E+17,donate planning service help find local donation fundraiser help victim hurricane sandy .,not_excl
1969,2.64E+17,use itunes support hurricane sandy relief : apple american red cross ... _URL_ # tech # apple,request
1115,2.64E+17,lotta great raffle item help hurricane sandy relief effort . thanks donate ! _URL_,not_excl
2555,2.65E+17,hundred american red cross donor center still open hurricane sandy . red cross ask eligible donor give .,request
2491,2.65E+17,_RT_ : donate # nbc_NUM_ hurricane # sandy relief fund assist red cross . call : _NUM_-_NUM_- nbc-wcau thru midnig http : / ...,request
650,2.64E+17,damn go way rt . _NUM_ make uturn ... hurricane fuck hella light !,not_excl
1530,2.64E+17,church electricity . still power . help u help victim hurricane sandy . _NUM_ % support go directly victim .,request
309,2.63E+17,amsterdam ave . _NUM_rd st . ( _NUM_/_NUM_ / _NUM_ _MENTIOM_ : _NUM_am ) # frankenstorm # stormwatch # hurricane _MENTIOM_ height _URL_,not_excl
167,2.64E+17,"spokane , here 's help # hurricane # sandy survivor _URL_",not_excl
1999,2.64E+17,"effect hurricane sandy , thought ... help donation go _URL_ please rt",request
26,2.64E+17,help hurricane relief new york city ... volunteer : ... _URL_,request
2392,2.65E+17,"journalist ( featurewell _MENTIOM_.com ) major u . . paper seek american expat anywhere give time , energy , money hurricane sandy relief .",request
1917,2.63E+17,_RT_ : help victim hurricane sandy right umcor : text word response _NUM_ give immediate $ _NUM_ donat ...,request
1439,2.63E+17,thought prayer everyone affect # hurricane # sandy . visit _URL_ lot useful information . stay safe guy .,request
2254,2.65E+17,"_NUM_ way waste weekend , want help hurricane victim _URL_ w / relief address breezy point / far rockaway",request
2614,2.65E+17,"three charity help hurricane sandy victim ; plenty , it 's start : _URL_",request
802,2.63E+17,_MENTIOM_ close _NUM_/_NUM_ & _NUM_/_NUM_ aftermath hurricane sandy saint day . university reopen _NUM_/_NUM_ . stay safe . # sandy,not_excl
1201,2.65E+17,softbank donate $ _NUM_ hurricane sandy relief effort | softbank corp . _URL_ # softbank,not_excl
2487,2.66E+17,send hurricane sandy relief supply via amazon wish list : _URL_,request
684,2.65E+17,"today spin journey playlist inspire last night 's red cross telethon come together , hurricane relief ... _URL_",not_excl
2397,2.65E+17,_RT_ : itunes accept donation hurricane sandy relief _URL_ via _MENTIOM_,request
1455,2.66E+17,_RT_ : embrace east coast spirit & join hurricane sandy relief effort . read honest help & ...,request
714,2.66E+17,justify romney campaign obama go help hurricane victim b / c make look bad he president tf ?,not_excl
1424,2.65E+17,_RT_ : please help affect hurricane # sandy . text redcross _NUM_ make $ _NUM_ donation ... _URL_,request
2653,2.64E+17,_RT_ : attn follower : help suppo_RT_ donate m_NUM_d ' hurricane # sandy relief _MENTIOM_ ! link : _URL_ ...,request
882,2.64E+17,help toyota support american red cross : toyota donate $ _NUM_ million support hurricane sandy relief effort : _URL_,not_excl
2198,2.65E+17,: please help american red cross help hurricane sandy 's path : _URL_ know ha ... _URL_,request
2276,2.65E+17,donate hurricane sandy new jersey relief fund : _URL_ _MENTIOM_ # rebuild # restore # nj # jerseystrong,request
31,2.64E+17,hurricane sandy cancel _NUM_ blood drive : help - huffington post : timehurricane sandy cancel _NUM_ bl ... _URL_,request
2046,2.64E+17,_RT_ fb page `` help staten island pet ( hurricane sandy relief ) . `` ask people show w / supply distribute .,request
2529,2.65E+17,_RT_ : individual interested donate hurricane # sandy recovery effort : _URL_ . business : _URL_ ...,request
2459,2.65E+17,hurricane sandy relief fundraiser _URL_,request
1620,2.66E+17,_RT_ : brooklyn public library bookmobile help hurricane sandy relief . donate : _URL_,request
2565,2.66E+17,"_RT_ : new york still need much help friend . , please donate help hurricane sandy victim . text redcros ...",request
522,2.66E+17,crowdfunding streamline aid victim sandy future disaster : hurricane sandy astonish ... _URL_,not_excl
488,2.65E+17,skankyourart : gawkercom : president obama comfort woman new jersey whose marina damage hurricane _URL_,not_excl
718,2.66E+17,"staten island official : hurricane sandy victim rebuild red cross ' little , late ' _URL_",not_excl
2376,2.63E+17,_RT_ : red cross need $ hurricane relief effort : text redcross _NUM_ make $ _NUM_ donation - please join make qu ...,request
1993,2.64E+17,# news itunes accept red cross donation hurricane sandy victim _URL_,request
1184,2.64E+17,we 'd like fan know radio pledge $ _NUM_ hurricane sandy victim nyc .,not_excl
1364,2.64E+17,hess corporation donate $ _NUM_ million hurricane relief new york new jersey _URL_,not_excl
2762,2.65E+17,"donate $ _NUM_ hurricane sandy victim . text convoy _NUM_ . , would n't want help ? rt text ! _MENTIOM_ plz rt !",request
832,2.65E+17,listen hurricane sandy relief concert # staystrongjersey,not_excl
1107,2.63E+17,local organization ready help hurricane victim : local volunteer head call na ... _URL_ # baltimore,not_excl
1354,2.66E+17,_MENTIOM_ : mcdonald 's lends hand hurricane sandy victim _URL_,not_excl
2432,2.64E+17,' _MENTIOM_ itunes accept red cross donation hurricane sandy victim : apple wednesday make b ... _URL_,request
549,2.65E+17,awwww .. kind zinga turn plant wither futile attempt `` help `` victim hurricane sandy ! ... _URL_ via,not_excl
2612,2.64E+17,join _MENTIOM_ # sandyhelp live telethon tonight _NUM_/ _NUM_c raise fund _MENTIOM_ hurricane relief effort . _URL_,request
2520,2.64E+17,people affect # hurricane # sandy need help ! text redcross _NUM_ donate $ _NUM_ . go _URL_,request
2086,2.65E+17,# sandyhelp easy donate help hurricane sandy folk . go itunes phone !,request
1338,2.65E+17,medtronic foundation donate $ _NUM_ hurricane sandy relief effort _URL_ # pressrelease # news,not_excl
1634,2.65E+17,_MENTIOM_ follow _MENTIOM_ donate $ _NUM_ first _NUM_k new follower support hurricane sandy relief effort . thanks chris,request
2140,2.65E+17,_MENTIOM_ : donate _MENTIOM_ help hurricane # sandynj relief effort _URL_ love bruce !,request
747,2.65E+17,donald trump donate anything hurricane sandy relief effort ?,not_excl
2283,2.65E+17,local collection drive hurricane sandy relief _URL_ read neighbor # lochlomond # manassas,request
1811,2.64E+17,"hi sozo friends ! _NUM_ % sale , thru weekend , go toward sandy hurricane relief effort . drink coffee ... _URL_",request
839,2.64E+17,heart go volunteer agency try help victim hurricane sandy . daunt task . god bless .,not_excl
1183,2.64E+17,big ups dwade jason kidd donate money tonight 's knicks-heat game help hurricane sandy relief . # nba # sandy,not_excl
514,2.65E+17,_MENTIOM_ contact _MENTIOM_ benefit show great cause hurricane sandy relief effort < _NUM_,not_excl
2575,2.65E+17,join _NUM_ ktu tomorrow morning donation drive benefiting victim hurricane # sandy . detail : _URL_,request
223,2.65E+17,us-wanted hafiz saeed figure offer aid hurricane victim _URL_ # medium # pakistan,not_excl
515,2.66E+17,_NUM_ company help hurricane sandy victim _URL_,not_excl
935,2.65E+17,volunteer donate staten island hurricane sandy victim _URL_ _MENTIOM_,not_excl
2128,2.65E+17,# sandy please donate # redcross _MENTIOM_ . org # text _NUM_ donate help victim hurricane sandy also go # sandyhelp,request
2316,2.66E+17,"help american # redcross # hurricane relief . donate : visit _URL_ , call _NUM_-_NUM_- helpnow , text redcross _NUM_ .",request
209,2.65E+17,volunteer red cross hurricane sandy disaster relief,not_excl
989,2.65E+17,# helpsandy watch hurricane sandy : come together . donate $ _NUM_ text redcross _NUM_ . every penny help . pls help .,not_excl
1824,2.65E+17,check hurricane sandy relief ... _URL_,request
1056,2.64E+17,disney announce $ _NUM_ million commitment hurricane sandy relief rebuild effort _URL_ # disneysmmoms,not_excl
1214,2.65E+17,_NUM_ % commission # redcross hurricane # sandy # relief fund _URL_ < pls rt # art # photo # beauty,not_excl
1252,2.66E+17,heart break people . donate _MENTIOM_ help animal affect hurricane # sandy : _URL_ # sandypets,not_excl
1878,2.66E+17,funky fashion ricaso hurricane sandy relief effort usa heart : ... _URL_ _MENTIOM_,request
2202,2.65E+17,hey ya 'll know make feel good today ? donate red cross help hurricane sandy victim _URL_,request
338,2.63E+17,# obama : visit _URL_ info . prepare family storm ... # hurricane # sandy,not_excl
2126,2.65E+17,help affect hurricane sandy # sandyhelp text redcross _NUM_ make $ _NUM_ donation,request
484,2.66E+17,"# movie hurricane sandy relief roundup : jersey shore cast live special , abc set star-studded phone ban ... _URL_",not_excl
1067,2.64E+17,make donation hurricane sandy : raise money breezy point . check ! _URL_ via _MENTIOM_,not_excl
2228,2.65E+17,mon _NUM_ - vision & cvr ent set hurricane sandy relief funds.you could donate like . goal raise _NUM_ million $,request
387,2.65E+17,_RT_ : go _URL_ _URL_ find help survivor hurricane sandy . ht ...,not_excl
2791,2.63E+17,"_RT_ : aid recovery hurricane # sandy , text redcross _NUM_ make $ _NUM_ donation visit _URL_ .",request
1358,2.64E+17,_RT_ : help beverage company keep come . coca-cola co pledge $ _NUM_ mil help hurricane sandy relief effort . also ...,not_excl
2404,2.65E+17,# newjersey lend hand new york . hurricane sandy relief fund : donate directly itunes go directly red cross - _NUM_ _NUM_ help,request
490,2.63E+17,tell blowhard donald trump donate $ _NUM_ mil red cross hurricane relief effort ! _URL_ _MENTIOM_ # thedon,not_excl
2194,2.65E+17,# photography ( fee ) : please help american red cross help hurricane sandy 's path : http : ... _URL_ _MENTIOM_,request
2066,2.64E+17,_MENTIOM_ please help u spread page . try gain help hurricane victim nj . _URL_,request
1537,2.64E+17,_MENTIOM_ _MENTIOM_ support hurricane sandy relief effort buy screensaver ! _URL_,request
313,2.63E+17,_NUM_ _NUM_ foot storm surge expect ny / nj coastline # hurricane # sandy,not_excl
227,2.65E+17,"_RT_ : idaho volunteer help hurricane sandy victim , abc air special ... - kivi-tv : idaho volunteer ... _URL_ ...",not_excl
2543,2.64E+17,_RT_ : need help - tomorrow 's game collect donation red cross take care hurricane victim . ...,request
56,2.64E+17,_RT_ : volunteer / donate hurricane sandy relief effort : _URL_,request
1138,2.64E+17,yankee donate $ _NUM_ hurricane sandy relief fund . that 's ? cheap bastard ! # yankeessuck # fuckthat,not_excl
679,2.65E+17,watch hurricane sandy relief concert tv _MENTIOM_,not_excl
1607,2.65E+17,help affect hurricane sandy - text redcross _NUM_ donate $ _NUM_ american red cross disaster relief .,request
2531,2.65E+17,"_MENTIOM_ please rt _NUM_ help animal victim hurricane sandy ! need food , water , crate , etc",request
360,2.65E+17,_RT_ : want help people recover sandy ? here 's wnyc 's `` help `` hurricane relief page : _URL_,not_excl
2583,2.63E+17,help affect # hurricane # sandy : donate red cross text `` redcross `` _NUM_ _URL_,request
1197,2.65E+17,"_MENTIOM_ : nfl , nflpa donate $ _NUM_ million hurricane sandy relief : _URL_ . really ? that 's ? asshole .",not_excl
1288,2.66E+17,_MENTIOM_ : dolphin owner stephen ross donate $ _NUM_ support hurricane sandy recovery effort . take note athlete .,not_excl
2192,2.65E+17,donate _NUM_ % money hurricane relief effort nyc . _NUM_ reliable source : _URL_ _URL_,request
633,2.63E+17,everyone basslinefamily would like send thought prayer victim hurricane sandy . everyday 's blessing,not_excl
2739,2.65E+17,another photo ! _NUM_ percent go red cross hurricane sandy relief # sandynj wonder bar asbury _URL_ via _MENTIOM_,request
947,2.64E+17,john c . reilly use ' wreck-it ralph ' press tour help victim hurricane ... - _URL_ _URL_,not_excl
390,2.65E+17,live blog : abc 's ' day give ' help hurricane sandy victim _URL_,not_excl
1792,2.66E+17,_RT_ : # dayofgiving help hurricane sandy victim call _NUM_-_NUM_-_NUM_ til noon . hotline open _NUM_pm _MENTIOM_,request
2199,2.65E+17,robin hood : learn help hurricane relief effort _URL_,request
704,2.65E+17,shout people lose home hurricane _MENTIOM_ would like pray kid familys one love ! !,not_excl
1923,2.63E+17,_MENTIOM_ _MENTIOM_ please r / donate hurricane sandy victim simple text message : _URL_,request
788,2.64E+17,would go long way help hurricane family ! _RT_ : it 's _NUM_ : two ( cont ) _URL_,not_excl
51,2.64E+17,hurricane sandy cancel _NUM_ blood drive : help . _URL_,request
1968,2.64E+17,_MENTIOM_ = > help hurricane sandy victim & customer text `` redcross `` _NUM_ donate $ _NUM_ . _MENTIOM_ _MENTIOM_,request
2609,2.66E+17,_RT_ : help hurricane sandy victim look extremely sexy pic ~ ! # redcross # sandy # help _MENTIOM_ ! _URL_ ...,request
2674,2.64E+17,devastation hurricane horrible . make sure afford donate american red cross ... _URL_,request
995,2.64E+17,i 'm donate bag clothes hurricane relief include sequin cocktail dress . i 've officially turn cher clueless .,not_excl
2038,2.64E+17,text redcross _NUM_ donate $ _NUM_ hurricane sandy relief effort visit _URL_ donate ! everything help ! - mb,request
1914,2.63E+17,"_RT_ : aid effect hurricane sandy , txt `` storm `` _NUM_ donate $ _NUM_ call _NUM_-_NUM_- sal-army _URL_ ...",request
418,2.64E+17,"want help victim hurricane sandy , check charity bbb first : _URL_",not_excl
2799,2.65E+17,_RT_ : re-shout _MENTIOM_ : let 's help hurricane sandy victim ! ! text convoy _NUM_ ! ! $ _NUM_ donation go relief effort ! ! ...,request
1365,2.64E+17,feel happy see _MENTIOM_ help victim hurricane # sandy : ) great job pacha < _NUM_ love !,not_excl
2176,2.65E+17,# sandyhelp text _NUM_ redcross donate $ _NUM_ hurricane effort,request
1926,2.63E+17,red cross accept donation hurricane sandy relief . support effort $ _NUM_ donation text redcross,request
2598,2.65E+17,_RT_ : let 's help hurricane sandy victim ! ! text convoy _NUM_ ! ! $ _NUM_ donation go relief effort ! ! ! !,request
1333,2.64E+17,"_RT_ : viacom , disney donate $ _NUM_m hurricane sandy relief effort - cbs news _URL_",not_excl
2371,2.65E+17,_MENTIOM_ text redcross _NUM_ donate $ _NUM_ hurricane sandy relief . please rt help u ! ! ! # sandyhelp,request
109,2.64E+17,"toronto , here 's help # hurricane # sandy survivor _URL_",not_excl
1539,2.65E+17,_MENTIOM_ _MENTIOM_ there 's hurricane sandy emergency fund . red cross . we 're red cross ! find online ! : - ),request
364,2.64E+17,"`` talk hurricane survivor , help clean `` _MENTIOM_ _MENTIOM_",not_excl
100,2.66E+17,help victim hurricane sandy | parenting start _URL_,request
1569,2.66E+17,_RT_ : _MENTIOM_ _MENTIOM_ _MENTIOM_ bake sale foster _MENTIOM_ ... _NUM_/_NUM_ proceeds donate hurricane victim _URL_ ...,request
2328,2.66E+17,hurricane sandy relief - - donate uft disaster relief fund [ edwize ] _URL_,request
2280,2.65E+17,rt donate via smartphone _NUM_ hurricane sandy relief # dayofgiving click _URL_ pls give generously !,request
1575,2.63E+17,really good site anyone want make donation help people affect hurricane sandy _URL_,request
1736,2.66E+17,paramount ( official website ) strong island hurricane sandy relief concert feature script p _URL_,request
925,2.65E+17,"wine , food , beer , family # goodtimes come jersey help hurricane relief spend time wit _URL_",not_excl
1783,2.65E+17,help affect hurricane # sandy ! # nj # newjersey # nyc _URL_ via _MENTIOM_,request
27,2.64E+17,"_RT_ : help victim hurricane sandy . go _URL_ , donate $ _NUM_ , text redcross _NUM_ .",request
1725,2.64E+17,_RT_ : help support affect hurricane sandy ... come together live benefit concert tonight _NUM_p big screen . ...,request
2056,2.64E+17,help victim hurricane sandy donating united way hurricane sandy recovery fund . visit ... _URL_,request
414,2.65E+17,colorado relief organization mobilize help hurricane victim cbs denver _URL_,not_excl
146,2.64E+17,"syracuse , here 's help # hurricane # sandy survivor _URL_",not_excl
499,2.64E+17,"west hollywood , here 's help # hurricane # sandy survivor _URL_",not_excl
2558,2.64E+17,_NUM_ % purchase donate affected hurricane sandy part designer drawer 's brief relief . _MENTIOM_,request
1,2.63E+17,_RT_ : help : volunteer hurricane sandy shelter storm pass : _URL_ _URL_,request
1039,2.65E+17,donate $ _NUM_ hurricane sandy # gooddeed # donate _URL_,not_excl
37,2.64E+17,# superstormsandy hurricane sandy cancel _NUM_ blood drive : help - huffington post _URL_,request
471,2.64E+17,_MENTIOM_ romney donate campaign money hurricane sandy relief ? _URL_ `` _MENTIOM_,not_excl
873,2.65E+17,"nbc say raise nearly $ _NUM_ million last night 's fundraiser hurricane sandy / red cross . yay lovely , charitable people !",not_excl
1241,2.66E+17,# skateboard terry kennedy payday donate hurricane sandy relief _URL_,not_excl
970,2.63E+17,justin bieber & celebs tweet support hurricane sandy victim _URL_ pls retweet follow _MENTIOM_ # celebrity,not_excl
2028,2.64E+17,have n't already please give rt ! photo videos _MENTIOM_ # hurricane # sandy relief effort : _URL_ please rt,request
262,2.64E+17,bmw north america give $ _NUM_ million american red cross hurricane sandy relief : ... _URL_ # bmwblog,not_excl
1302,2.66E+17,thank everyone attend # daec_NUM_ mass - - raise $ _NUM_ _MENTIOM_ ' hurricane relief effort !,not_excl
316,2.63E+17,# thanksdonald choose donate _NUM_ million hurricane relief . tell friend wonderful deed # sandy _MENTIOM_,not_excl
1029,2.63E+17,# thanksdonald donation hurricane sandy victim ! also son hot _MENTIOM_,not_excl
229,2.64E+17,_RT_ : chicago bull ( official site ) > > chicago bull join nba partner support hurricane sandy relief effort h ...,not_excl
2530,2.65E+17,_RT_ : hey twitterverse ! ! text word convoy _NUM_ donate $ _NUM_ hurricane sandy relief effort ! !,request
1167,2.64E+17,shout charles woodson donate much hurricane relief effort . # manoftheyear,not_excl
680,2.65E+17,watch sting nbc hurricane sandy relief show ... nice ...,not_excl
543,2.63E+17,_RT_ tell blowhard donald trump donate $ _NUM_ million red cross hurricane relief effort ! amen !,not_excl
1020,2.65E+17,_MENTIOM_ _MENTIOM_ know woodson donate $ _NUM_ hurricane sandy relief effort ? !,not_excl
2723,2.66E+17,would like help people get impacted hurricane sandy call _NUM_-_NUM_ help,request
166,2.64E+17,"de moines , here 's help # hurricane # sandy survivor _URL_",not_excl
1341,2.65E+17,shout wade donate check tonight 's game hurricane sandy relief . that 's $ _NUM_,not_excl
415,2.66E+17,_RT_ : # nj hire people * * lose # job hurricane # sandy * * . visit _URL_ call _NUM_-_NUM_-_NUM_-_NUM_ .,not_excl
2265,2.65E+17,design hurricane sandy relief . urge get involve buy shirt . _NUM_ % proceeds _URL_,request
29,2.64E+17,_RT_ : volunteer hurricane sandy relief east coast . lot way help : _URL_,request
534,2.66E+17,impressed company go extra mile help victim hurricane # sandy _URL_,not_excl
2444,2.65E+17,kick day give _MENTIOM_ . hope you 'll donate hurricane relief : _NUM_-_NUM_- help-now _URL_,request
2566,2.65E+17,hurricane sandy telethon there 's still help . donate relief effort ... _URL_,request
2396,2.65E+17,_MENTIOM_ help hurricane sandy relief effort buy screensaver : _URL_,request
1821,2.64E+17,"way help hurricane sandy victim : _URL_ , _NUM_-_NUM_- sal-army ( _NUM_-_NUM_ ) , text `` storm `` _NUM_ ... _URL_",request
858,2.65E+17,# salute _RT_ marine begin hurricane sandy relief work queen staten island _URL_,not_excl
491,2.64E+17,"online consignment shop thredup launch digital fundraising platform call group , raise money hurricane _URL_",not_excl
2805,2.64E+17,donate hurricane sandy relief fund hoboken _URL_,request
1328,2.64E+17,_RT_ : # ff _MENTIOM_ _MENTIOM_ - donate $ _NUM_ million # hurricane # sandy relief ! ! # csr # disastergiving _URL_,not_excl
978,2.65E+17,author donate book proceeds red cross hurricane sandy relief fund ...,not_excl
566,2.64E+17,pope pray victim hurricane sandy _URL_,not_excl
922,2.65E+17,i 'm donate royalty fee hurricane sandy design zazzle . com american red cross help storm _URL_,not_excl
1244,2.66E+17,_RT_ : atlantic city strip club donate $ _NUM_ lap dance hurricane sandy victim : atlantic city strip club ac doll ... h ...,not_excl
1880,2.63E+17,_RT_ : today obama campaign send another email ask donation red cross hurricane sandy .,request
1942,2.64E+17,_RT_ : _RT_ : keep tweet go hurricane sandy relief help spread word & get aid ...,request
780,2.63E+17,_RT_ : breaking : donald trump donate $ _NUM_ million hurricane relief effort everyone admit hurricane sandy start kenya,not_excl
2057,2.64E+17,text redcross _NUM_ donate $ _NUM_ hurricane relief . # hurricanesandy,request
498,2.64E+17,": ny state ml < info _MENTIOM_-state-mls.com > date : november _NUM_ , _NUM_ , _NUM_:_NUM_ : _NUM_ edt subject : housing hurricane ... _URL_",not_excl
530,2.65E+17,"tune benefit concert victim hurricane sandy , tonight nbc _NUM_ : _NUM_pm . christina aguilera , jon non jovi , bill joel , et al .",not_excl
806,2.63E+17,cruise line island damage hurricane sandy : several cruise line report sandy-related damage ... _URL_ # travel,not_excl
291,2.64E+17,_MENTIOM_ since you 've do amazing work haiti please recommend org direct donation hurricane relief ?,not_excl
1362,2.64E+17,_RT_ : disney announce $ _NUM_ million contribution hurricane # sandy relief rebuild effort : _URL_,not_excl
1261,2.66E+17,"dolphin , ross donate hurricane sandy relief effort _URL_",not_excl
2736,2.66E+17,_RT_ : please help hurricane sandy victim . need food clothing ! donate see attached poster ! _URL_,request
1245,2.66E+17,baby robinson cano donate _NUM_ thousand dollar help w . destruction hurricane : ) aww,not_excl
686,2.65E+17,you 've get least _NUM_ donate red cross hurricane sandy victim ? ? ? # bullshit,not_excl
2353,2.66E+17,_MENTIOM_ fund raiser hurricane sandy victim _URL_ book $ _NUM_ profit go fund raiser - u help ?,request
604,2.66E+17,"new york yankee collect distribute donation victim hurricane sandy , mean alex rodriguez hand goose egg .",not_excl
2668,2.63E+17,_RT_ : text sandy _NUM_ give $ _NUM_ hurricane # sandy relief globalgiving . _URL_ term : _URL_ ...,request
2082,2.65E+17,"# sandyhelp please text redcross _NUM_ donate $ _NUM_ east coast devastate hurricane sandy , call _NUM_-_NUM_- helpnow",request
220,2.65E+17,_RT_ : hailo suppo_RT_ ' hurricane relief effort & match donation . please help : http : / / ...,not_excl
1321,2.65E+17,_RT_ : romeo donate _NUM_k hurricane sandy relief effort _URL_,not_excl
2414,2.65E+17,hey _MENTIOM_ plz rt : help hurricane # sandy relief donate _MENTIOM_ point _MENTIOM_ _URL_,request
769,2.64E+17,photo : gawkercom : president obama comfort woman new jersey whose marina damage hurricane ... _URL_,not_excl
682,2.65E+17,get ta enjoy next since he 'll leave ny / nj tomorrow help hurricane relief,not_excl
2040,2.64E+17,network good - great list place help support hurricane sandy relief _URL_,request
433,2.64E+17,fun fact - mitt romney accept donation hurricane relief pretend like it 's really stuff he 's donate ..,not_excl
95,2.65E+17,philly ! we 'll collect supply / clothes & non-perishable food item mon & tues _MENTIOM_ . please help victim hurricane # sandy .,request
1847,2.64E+17,housebound : proceeds benefit red cross 's hurricane sandy fund _URL_ _URL_,request
507,2.65E+17,_RT_ : help get word . rt hurricane # sandy resource link . _URL_ # ny # specialneeds # nyc # autism ...,not_excl
1571,2.65E+17,buy book help hurricane sandy victim : _URL_ via _MENTIOM_,request
822,2.64E+17,_MENTIOM_ big smile rescue great reward . i 've learn via hurricane hugo volunteer red cross .,not_excl
1882,2.64E+17,# hurricane sandy relief program : _URL_ # wepay,request
815,2.64E+17,donald trump donate $ _NUM_ million relief effort hurricane sandy instead try seek attention everyone,not_excl
321,2.63E+17,let 's go mom would like get mall hurricane sandy blow u away,not_excl
1518,2.65E+17,_MENTIOM_ contact green thumb # nyc _URL_ post-hurricane # sandy relief effort donation,request
838,2.64E+17,_RT_ : obama 's big labor buddy give enormous `` screw `` new jersey 's hurricane # sandy victim : _URL_ # tcot,not_excl
2231,2.65E+17,please donate hurricane sandy relief : _URL_,request
238,2.64E+17,wonder help affect hurricane ..,not_excl
2307,2.65E+17,_MENTIOM_ help hurricane sandy victim . text convoy _NUM_ donate $ _NUM_ ! # rt please ! ! ; ),request
2812,2.65E+17,"home state hit hard hurrican sandy . help hurricane victim brooklyn , staten island , ny ... _URL_",request
264,2.63E+17,take today remember support impact hurricane sandy make donation red cross ... _URL_,not_excl
2351,2.66E+17,compile list donate safely hurricane sandy victim ... please help ! another coastal ... _URL_,request
1447,2.64E+17,"salina , here 's help # hurricane # sandy survivor _URL_",request
1748,2.63E+17,_RT_ : help hurricane sandy victim _URL_,request
2707,2.64E+17,"_RT_ : would like support hurricane sandy relief _MENTIOM_ locate outside atlantic city , nj ...",request
1911,2.63E+17,_MENTIOM_ please ask follower text redcross _NUM_ make $ _NUM_ donation _MENTIOM_ help hurricane relief thanks,request
827,2.63E+17,"_RT_ : flight ( cx _NUM_ , _NUM_ ) / hk new york affect hurricane sandy _NUM_/_NUM_ . detail _URL_ ...",not_excl
504,2.64E+17,njed disaster relief | teachercast _URL_ want help hurricane sandy ? # njed # edchat,not_excl
2181,2.65E+17,donate red cross help victim hurricane sandy .,request
1437,2.64E+17,_RT_ : graffiti artist : art show benefit victim hurricane sandy . contact u ...,request
1356,2.63E+17,shout kellogg 's ( kellogg company ) donate $ _NUM_ worth food help hurricane ... _URL_,not_excl
2289,2.65E+17,support new york _RT_ donate # dayofgiving help suffer hurricane # sandy ? go : _URL_,request
1826,2.65E+17,golf news veteran day golf out aid hurricane sandy relief - _URL_ _URL_ # golf,request
